isin,tradingsymbol,category,margin,leverage
INE117A01022,ABB,fo,25.4,3.94
INE208C01025,AEGISLOG,non_fo,34.97,2.86
INE885A01032,ARE&M,non_fo,29.37,3.4
INE032A01023,BOMDYEING,non_fo,35.76,2.8
INE100A01010,ATUL,non_fo,28.6,3.5
INE193E01025,BAJAJELEC,non_fo,29.95,3.34
INE306A01021,BAJAJHIND,non_fo,35.12,2.85
INE451A01017,FORCEMOT,fo,34.1,2.93
INE296A01032,BAJFINANCE,fo,24.8,4.03
INE119A01028,BALRAMCHIN,non_fo,31.28,3.2
INE213C01025,BANCOINDIA,non_fo,40.17,2.49
INE055A01016,ABREL,non_fo,34.4,2.91
INE459A01010,BANARISUG,non_categorized,50,2
INE373A01013,BASF,non_fo,30.95,3.23
INE176A01028,BATAINDIA,non_fo,28.31,3.53
INE258A01024,BEML,non_fo,36.91,2.71
INE263A01024,BEL,fo,25.6,3.91
INE922A01025,BEPL,non_fo,31.45,3.18
INE472A01039,BLUESTARCO,fo,26.8,3.73
INE486A01021,CESC,non_fo,30.13,3.32
INE085A01013,CHAMBLFERT,non_fo,31.12,3.21
INE302A01020,EXIDEIND,fo,24.6,4.07
INE059A01026,CIPLA,fo,22.6,4.42
INE007A01025,CRISIL,non_fo,29.6,3.38
INE067A01029,CGPOWER,fo,27,3.7
INE016A01026,DABUR,fo,22.6,4.42
INE495A01022,DALMIASUG,non_fo,34.61,2.89
INE034A01011,ARVIND,non_fo,33.73,2.96
INE257A01026,BHEL,fo,28.3,3.53
INE094A01015,HINDPETRO,fo,27.1,3.69
INE039A01010,IFCI,non_fo,39.52,2.53
INE153A01019,MTNL,non_fo,38.94,2.57
INE103A01014,MRPL,non_fo,38.57,2.59
INE178A01016,CHENNPETRO,non_fo,38.08,2.63
INE062A01020,SBIN,fo,23.1,4.33
INE114A01011,SAIL,fo,27.9,3.58
INE280A01028,TITAN,fo,22.6,4.42
INE008A01015,IDBI,non_fo,37.75,2.65
INE500A01029,DCW,non_fo,38.5,2.6
INE041A01016,DHAMPURSUG,non_fo,32.61,3.07
INE089A01031,DRREDDY,fo,22.6,4.42
INE126A01031,EIDPARRY,non_fo,30.33,3.3
INE199A01012,PGHL,non_fo,26.5,3.77
INE086A01029,ELECTCAST,non_fo,38.98,2.57
INE284A01012,ESABINDIA,non_fo,28.76,3.48
INE255A01020,EPL,non_fo,31.54,3.17
INE778B01029,ESTER,non_categorized,50,2
INE235A01022,FINCABLES,non_fo,32.6,3.07
INE516A01017,UFLEX,non_fo,32.18,3.11
INE519A01011,FOSECOIND,non_categorized,50,2
INE388A01029,GANESHBE,non_categorized,50,2
INE260B01028,GODFRYPHLP,fo,36.6,2.73
INE233A01035,GODREJIND,non_fo,32.71,3.06
INE531A01024,KANSAINER,non_fo,28.12,3.56
INE539A01019,GHCL,non_fo,30.4,3.29
INE040A01034,HDFCBANK,fo,22.6,4.42
INE158A01026,HEROMOTOCO,fo,24.1,4.15
INE548A01028,HFCL,non_fo,35.54,2.81
INE019C01026,HSCL,non_fo,31.93,3.13
INE549A01026,HCC,non_fo,39.33,2.54
INE345A01011,HINDOILEXP,non_fo,35.52,2.82
INE415A01038,AGI,non_fo,35.65,2.81
INE267A01025,HINDZINC,fo,29.7,3.37
INE204A01010,IGPL,non_categorized,50,2
INE560A01023,INDIAGLYCO,non_fo,35.1,2.85
INE156A01020,INDORAMA,non_categorized,50,2
INE009A01021,INFY,fo,23.6,4.24
INE177A01018,INGERRAND,non_fo,29.25,3.42
INE570A01022,IONEXCHANG,non_fo,32.97,3.03
INE209A01019,SUNDROP,non_categorized,50,2
INE175A01038,JISLJALEQS,non_fo,37.93,2.64
INE197D01010,JINDALPOLY,non_fo,50,2
INE019A01038,JSWSTEEL,fo,23.9,4.18
INE217B01036,KAJARIACER,non_fo,30.06,3.33
INE907A01026,KSL,non_fo,33.73,2.96
INE716A01013,WHIRLPOOL,non_fo,33.33,3
INE732A01036,KIRLOSBROS,non_fo,36.19,2.76
INE250A01039,KIRLOSIND,non_fo,33.01,3.03
INE237A01036,KOTAKBANK,fo,22.6,4.42
INE999A01023,KSB,non_fo,30.18,3.31
INE337A01034,LGBBROSLTD,non_fo,33.47,2.99
INE849A01020,TRENT,fo,27.4,3.65
INE269B01029,LMW,non_fo,29.85,3.35
INE115A01026,LICHSGFIN,fo,24.3,4.12
INE326A01037,LUPIN,fo,22.8,4.39
INE331A01037,RAMCOCEM,non_fo,28.13,3.55
INE271B01025,MAHSEAMLES,non_fo,30.48,3.28
INE288A01013,MAHSCOOTER,non_fo,31.16,3.21
INE180A01020,MFSL,fo,23.6,4.24
INE831A01028,MIRCELECTR,non_categorized,50,2
INE485A01015,CENTENKA,non_categorized,50,2
INE083A01026,MOREPENLAB,non_fo,37.29,2.68
INE883A01011,MRF,non_fo,27.04,3.7
INE578A01017,HEIDELBERG,non_fo,27.49,3.64
INE868B01028,NCC,non_fo,32.49,3.08
INE205A01025,VEDL,fo,26.6,3.76
INE047A01021,GRASIM,fo,22.7,4.41
INE161A01038,NIITLTD,non_fo,37.46,2.67
INE903A01025,JAYKAY,non_categorized,50,2
INE213A01029,ONGC,fo,24,4.17
INE750A01020,ORIENTHOT,non_fo,34.41,2.91
INE002A01018,RELIANCE,fo,22.6,4.42
INE301A01014,RAYMOND,non_fo,36.06,2.77
INE318A01026,PIDILITIND,fo,22.6,4.42
INE751B01018,PIXTRANS,non_fo,33.29,3
INE340A01012,BIRLACORPN,non_fo,32.31,3.1
INE335A01020,SURYAROSNI,non_fo,35.59,2.81
INE032B01021,PRIMESECU,non_categorized,50,2
INE010A01011,PRSMJOHNSN,non_fo,33.2,3.01
INE855B01025,RAIN,non_fo,36.5,2.74
INE613A01020,RALLIS,non_fo,34.3,2.92
INE619A01035,PATANJALI,fo,23.9,4.18
INE324A01032,JINDALSAW,non_fo,37.52,2.67
INE786A01032,JKLAKSHMI,non_fo,30.06,3.33
INE070A01015,SHREECEM,fo,22.6,4.42
INE245A01021,TATAPOWER,fo,23.6,4.24
INE937A01023,SPMLINFRA,non_fo,41.06,2.44
INE387A01021,SUNDRMFAST,non_fo,27.54,3.63
INE947A01014,SUNFLAG,non_fo,34.9,2.87
INE663A01033,SPLPETRO,non_fo,34.64,2.89
INE277A01016,SWARAJENG,non_fo,30.68,3.26
INE670A01012,TATAELXSI,fo,25.9,3.86
INE012A01025,ACC,non_fo,27.51,3.64
INE152A01029,THERMAX,non_fo,30.91,3.24
INE338A01024,TIRUMALCHM,non_fo,36.16,2.77
INE332A01027,THOMASCOOK,non_fo,36.57,2.73
INE685A01028,TORNTPHARM,fo,22.6,4.42
INE079A01024,AMBUJACEM,fo,25,4
INE038A01020,HINDALCO,fo,25.2,3.97
INE976A01021,WSTCSTPAPR,non_fo,32.6,3.07
INE179A01014,PGHH,non_fo,26.5,3.77
INE304A01026,MUKANDLTD,non_fo,35.31,2.83
INE676A01027,BBOX,non_categorized,50,2
INE171A01029,FEDERALBNK,fo,24,4.17
INE081A01020,TATASTEEL,fo,25.3,3.95
INE640A01023,SKFINDIA,non_fo,26.5,3.77
INE208A01029,ASHOKLEY,fo,26.2,3.82
INE298A01020,CUMMINSIND,fo,25,4
INE151A01013,TATACOMM,non_fo,29.94,3.34
INE358A01014,ABBOTINDIA,non_fo,26.5,3.77
INE118A01012,BAJAJHLDNG,fo,25.8,3.88
INE465A01025,BHARATFORG,fo,26,3.85
INE042A01014,ESCORTS,non_fo,30.74,3.25
INE018A01030,LT,fo,24.1,4.15
INE101A01026,M&M,fo,24.8,4.03
INE323A01026,BOSCHLTD,fo,24.2,4.13
INE029A01011,BPCL,fo,25.1,3.98
INE003A01024,SIEMENS,fo,26.2,3.82
INE155A01022,TMPV,fo,25.3,3.95
INE226A01021,VOLTAS,fo,26.2,3.82
INE017A01032,GESHIP,non_fo,30.77,3.25
INE501A01019,DEEPAKFERT,non_fo,35.74,2.8
INE291A01017,GRWRHITECH,non_fo,43.37,2.31
INE159A01016,GLAXO,non_fo,30.53,3.28
INE113A01013,GNFC,non_fo,29.96,3.34
INE058A01010,SANOFI,non_fo,26.5,3.77
INE182A01018,PFIZER,non_fo,27.87,3.59
INE026A01025,GSFC,non_fo,31.65,3.16
INE030A01027,HINDUNILVR,fo,22.6,4.42
INE133A01011,AKZOINDIA,non_fo,30.38,3.29
INE163A01018,NOCIL,non_fo,33.11,3.02
INE092A01019,TATACHEM,non_fo,28.33,3.53
INE148A01019,TNPETRO,non_categorized,50,2
INE217A01012,ZUARIIND,non_fo,38.31,2.61
INE239A01024,NESTLEIND,fo,22.6,4.42
INE192A01025,TATACONSUM,fo,22.7,4.41
INE021A01026,ASIANPAINT,fo,22.8,4.39
INE216A01030,BRITANNIA,fo,22.6,4.42
INE259A01022,COLPAL,fo,23.1,4.33
INE230A01023,EIHOTEL,non_fo,31.19,3.21
INE053A01029,INDHOTEL,fo,24.8,4.03
INE172A01027,CASTROLIND,non_fo,28.25,3.54
INE154A01025,ITC,fo,22.6,4.42
INE438A01022,APOLLOTYRE,non_fo,28.65,3.49
INE482A01020,CEATLTD,non_fo,33.48,2.99
INE183A01024,FINPIPE,non_fo,30.73,3.25
INE660C01027,CENTRUM,non_categorized,50,2
INE672A01026,TATAINVEST,non_fo,35.18,2.84
INE151G01028,SHAILY,non_fo,39.65,2.52
INE050A01025,BBTC,non_fo,32.74,3.05
INE224A01026,GREAVESCOT,non_fo,36.09,2.77
INE229C01021,SAGCEM,non_fo,32.77,3.05
INE583C01021,DECCANCE,non_fo,35.85,2.79
INE347A01017,MANGLMCEM,non_fo,31.36,3.19
INE732C01016,NCLIND,non_fo,29.93,3.34
INE232A01011,SHREDIGCEM,non_fo,32.72,3.06
INE666D01022,BORORENEW,non_fo,35.41,2.82
INE435A01051,ANDHRAPAP,non_categorized,50,2
INE787D01026,BALKRISIND,non_fo,29.63,3.37
INE825A01020,VTL,non_fo,32.55,3.07
INE138A01028,PENINLAND,non_categorized,50,2
INE211B01039,PHOENIXLTD,fo,26.1,3.83
INE182D01020,MARATHON,non_fo,36.07,2.77
INE665A01038,SWANCORP,non_fo,36.53,2.74
INE647A01010,SRF,fo,25.2,3.97
INE076B01028,SIYSIL,non_fo,36.06,2.77
INE464A01036,BBL,non_fo,35.47,2.82
INE835D01023,HIRECT,non_categorized,50,2
INE520A01027,ZENSARTECH,non_fo,31.92,3.13
INE045B01015,NELCO,non_fo,35.82,2.79
INE279A01012,UNIVCABLES,non_fo,37.9,2.64
INE100D01014,WSI,non_categorized,50,2
INE206N01018,RELTD,non_categorized,50,2
INE385C01021,SARDAEN,non_fo,35.08,2.85
INE323C01030,INDIANHUME,non_categorized,50,2
INE149K01016,SANDUMA,non_fo,39.85,2.51
INE149A01033,CHOLAHLDNG,non_fo,32.4,3.09
INE449A01011,AUTOAXLES,non_fo,30,3.33
INE187D01029,TALBROAUTO,non_fo,35.78,2.79
INE806C01018,TIL,non_categorized,50,2
INE066A01021,EICHERMOT,fo,23.8,4.2
INE221B01012,DYNAMATECH,non_fo,35.42,2.82
INE541A01023,GMMPFAUDLR,non_fo,29.6,3.38
INE811A01020,KIRLPNU,non_fo,33.2,3.01
INE317F01035,NESCO,non_fo,31.17,3.21
INE435C01024,TEXINFRA,non_fo,33.05,3.03
INE274C01019,WENDT,non_fo,33.76,2.96
INE688D01026,RESPONIND,non_categorized,50,2
INE966A01022,DOLATALGO,non_fo,35.97,2.78
INE274F01020,WESTLIFE,non_fo,31.89,3.14
INE256A01028,ZEEL,non_fo,34.75,2.88
INE205B01031,ELECON,non_fo,37.3,2.68
INE524A01029,GABRIEL,non_fo,38.83,2.58
INE598D01035,ALGOQUANT,non_fo,32.65,3.06
INE559A01017,IFBIND,non_fo,38.29,2.61
INE529A01010,FMGOETZE,non_fo,34.5,2.9
INE513A01022,SCHAEFFLER,non_fo,30.29,3.3
INE384A01010,RANEHOLDIN,non_fo,33.5,2.99
INE603A01013,PRAKASH,non_fo,36.19,2.76
INE536A01023,GRINDWELL,non_fo,30.04,3.33
INE727B01026,GENESYS,non_fo,42.88,2.33
INE643K01018,ARIHANTSUP,non_fo,34.92,2.86
INE416D01022,BLISSGVS,non_fo,42.07,2.38
INE189B01011,STYRENIX,non_fo,30.5,3.28
INE426A01027,ALEMBICLTD,non_fo,31.86,3.14
INE462A01022,BAYERCROP,non_fo,28.17,3.55
INE488A01050,CHEMPLASTS,non_fo,36.08,2.77
INE169A01031,COROMANDEL,non_fo,30.55,3.27
INE288B01029,DEEPAKNTR,non_fo,29.64,3.37
INE077F01035,GOCLCORP,non_categorized,50,2
INE602A01031,PCBL,non_fo,36.83,2.72
INE659A01023,SUDARSCHEM,non_fo,33.06,3.02
INE351A01035,UNICHEMLAB,non_categorized,50,2
INE150B01039,ALKYLAMINE,non_fo,32.28,3.1
INE203A01020,ASTRAZEN,non_fo,30.28,3.3
INE942C01045,GUJTHEM,non_fo,39.03,2.56
INE572A01036,JBCHEPHARM,non_fo,27.5,3.64
INE133E01013,TI,non_fo,36.56,2.74
INE711A01022,WALCHANNAG,non_categorized,50,2
INE480C01038,SDBL,non_fo,36.24,2.76
INE073G01016,ASALCBR,non_fo,36.87,2.71
INE075A01022,WIPRO,fo,23.7,4.22
INE435G01025,DHANUKA,non_fo,32.36,3.09
INE048B01035,JAGSNPHARM,non_fo,36.49,2.74
INE322A01010,GILLETTE,non_fo,29.11,3.44
INE054A01027,VIPIND,non_fo,33.39,2.99
INE757A01017,COSMOFIRST,non_fo,37.43,2.67
INE437A01024,APOLLOHOSP,fo,22.6,4.42
INE734I01027,FINKURVE,non_categorized,50,2
INE060A01024,NAVNETEDUL,non_fo,31.89,3.14
INE742B01025,GUFICBIO,non_categorized,50,2
INE421C01016,TVSSRICHAK,non_fo,32.66,3.06
INE463A01038,BERGEPAINT,non_fo,27.14,3.68
INE371A01025,GRAPHITE,non_fo,35.39,2.83
INE686A01026,CEMPRO,non_fo,35.86,2.79
INE276A01018,GARFIBRES,non_fo,32.58,3.07
INE545A01024,HEG,non_fo,36.09,2.77
INE275B01026,HUHTAMAKI,non_fo,32.88,3.04
INE195A01028,SUPREMEIND,fo,25.9,3.86
INE710A01016,VSTIND,non_fo,29.46,3.39
INE742C01031,JINDRILL,non_fo,38.88,2.57
INE202B01038,PIRAMALFIN,non_categorized,50,2
INE065D01027,AEROENTER,non_categorized,50,2
INE477A01020,CANFINHOME,non_fo,29.2,3.42
INE721A01047,SHRIRAMFIN,fo,27.4,3.65
INE121A01024,CHOLAFIN,fo,26,3.85
INE051B01021,VAKRANGEE,non_categorized,50,2
INE420B01036,ARIHANTCAP,non_fo,39.64,2.52
INE289B01019,GICHSGFIN,non_fo,29.42,3.4
INE583D01011,UGROCAP,non_fo,36.24,2.76
INE677D01037,MASTERTR,non_fo,41.75,2.4
INE886D01026,EFCIL,non_fo,38.54,2.59
INE628A01036,UPL,fo,26.8,3.73
INE805D01034,SUNTECK,non_fo,33.91,2.95
INE070D01027,JAICORPLTD,non_fo,40.25,2.48
INE385F01024,SGMART,non_fo,33.61,2.98
INE281B01032,LLOYDSME,non_fo,34.29,2.92
INE080I01025,LLOYDSENT,non_fo,40.86,2.45
INE807F01027,VIYASH,non_fo,36.33,2.75
INE655A01013,STCINDIA,non_categorized,50,2
INE871C01038,AVANTIFEED,non_fo,40.38,2.48
INE423A01024,ADANIENT,fo,28.7,3.48
INE725A01030,NAVA,non_fo,34.89,2.87
INE386D01027,SBCL,non_fo,34.92,2.86
INE932A01024,PENIND,non_fo,40.46,2.47
INE197A01024,JYOTISTRUC,non_fo,43.2,2.31
INE802C01033,SSWL,non_fo,32.89,3.04
INE993A01026,MANINDS,non_fo,40.83,2.45
INE298G01035,AJMERA,non_fo,36.95,2.71
INE120A01034,CARBORUNIV,non_fo,30.12,3.32
INE123F01029,MMTC,non_fo,38.97,2.57
INE124E01038,STEELCAS,non_categorized,50,2
INE450D01021,PITTIENG,non_fo,34.16,2.93
INE531E01026,HINDCOPPER,non_fo,41.92,2.39
INE589A01014,NLCINDIA,non_fo,33.2,3.01
INE049A01027,HIMATSEIDE,non_fo,37.32,2.68
INE192B01031,WELSPUNLIV,non_fo,37.63,2.66
INE845D01014,GANECOS,non_fo,38.37,2.61
INE495C01010,SANGAMIND,non_categorized,50,2
INE439A01020,ASAHIINDIA,non_fo,32.39,3.09
INE242C01024,ANANTRAJ,non_fo,38.55,2.59
INE570D01018,ARROWGREEN,non_categorized,50,2
INE270I01022,VISHNU,non_fo,32.5,3.08
INE707A01012,VINDHYATEL,non_fo,34.29,2.92
INE045A01017,ADOR,non_fo,31.64,3.16
INE457F01013,SALZERELEC,non_fo,39.42,2.54
INE228A01035,USHAMART,non_fo,32.85,3.04
INE287B01021,SUBROS,non_fo,36.99,2.7
INE671A01010,HONAUT,non_fo,27.44,3.64
INE162B01018,LUMAXIND,non_fo,38.26,2.61
INE292B01021,HBLENGINE,non_fo,38.45,2.6
INE162A01010,GIPCL,non_fo,33.89,2.95
INE775A01035,MOTHERSON,fo,26.8,3.73
INE176B01034,HAVELLS,fo,23.2,4.31
INE188B01013,IGARASHI,non_fo,36.94,2.71
INE225D01027,SYMPHONY,non_fo,31.1,3.22
INE295F01017,BUTTERFLY,non_categorized,50,2
INE855C01023,WEBELSOLAR,non_fo,43.83,2.28
INE535D01037,ROTO,non_fo,36.79,2.72
INE690A01028,TTKPRESTIG,non_fo,31.02,3.22
INE451D01029,RAJRATAN,non_fo,38.18,2.62
INE229A01017,ONWARDTEC,non_categorized,50,2
INE320B01020,CENTUM,non_fo,40.36,2.48
INE878B01027,KEI,fo,28.1,3.56
INE488B01017,TASTYBITE,non_fo,31.7,3.15
INE254N01026,HNDFDS,non_fo,28.88,3.46
INE694D01016,VADILALIND,non_fo,35.34,2.83
INE982B01027,ADFFOODS,non_fo,37.37,2.68
INE978A01027,HERITGFOOD,non_fo,32.94,3.04
INE421D01022,CCL,non_fo,31.98,3.13
INE164B01030,KELLTONTEC,non_fo,41.06,2.44
INE209B01025,RICOAUTO,non_fo,41.7,2.4
INE039C01032,JAMNAAUTO,non_fo,34.23,2.92
INE105A01035,TVSHLTD,non_fo,32.05,3.12
INE571B01036,JAYBARMARU,non_categorized,50,2
INE704B01017,RACLGEAR,non_categorized,50,2
INE703B01027,RATNAMANI,non_fo,33.5,2.99
INE386A01023,VESUVIUS,non_fo,32.8,3.05
INE483B01026,ICIL,non_fo,41.92,2.39
INE064C01022,TRIDENT,non_fo,32.27,3.1
INE270A01029,ALOKINDS,non_fo,34.61,2.89
INE602G01020,KITEX,non_categorized,50,2
INE052A01021,WINDMACHIN,non_categorized,50,2
INE631A01022,SHANTIGEAR,non_fo,31.88,3.14
INE634A01018,HONDAPOWER,non_fo,32.1,3.12
INE285A01027,ELGIEQUIP,non_fo,33.41,2.99
INE325A01013,TIMKEN,non_fo,30.35,3.29
INE989C01038,DIACABS,non_fo,36.15,2.77
INE074A01025,PRAJIND,non_fo,34.62,2.89
INE461D01028,HLEGLAS,non_fo,38.29,2.61
INE826C01016,GUJAPOLLO,non_categorized,50,2
INE227C01017,MMFL,non_fo,34.77,2.88
INE040D01038,MAYURUNIQ,non_fo,31.22,3.2
INE535F01024,RAJOOENG,non_fo,39.03,2.56
INE200A01026,GVT&D,non_fo,35.7,2.8
INE207E01023,RAMRAT,non_fo,33.37,3
INE854B01010,JAYNECOIND,non_fo,42.7,2.34
INE220B01022,KPIL,non_fo,31.61,3.16
INE663B01015,CONTROLPR,non_fo,32.24,3.1
INE429E01023,SAFARI,non_fo,32.01,3.12
INE415D01024,BHARATSE,non_categorized,50,2
INE398A01010,VENKEYS,non_fo,31.74,3.15
INE822C01015,TCPLPACK,non_fo,34.09,2.93
INE164A01016,BALMLAWRIE,non_fo,30.51,3.28
INE499A01024,DCMSHRIRAM,non_fo,32.03,3.12
INE470A01017,3MINDIA,non_fo,29.32,3.41
INE782A01015,BOSCH-HCIL,non_fo,32.14,3.11
INE780C01023,JMFINANCIL,non_fo,36.54,2.74
INE046A01015,RIIL,non_fo,33.61,2.98
INE473A01011,LINDEINDIA,non_fo,31.09,3.22
INE372C01037,PRECWIRE,non_fo,40.38,2.48
INE962Y01021,IRCON,non_fo,36.97,2.7
INE109A01011,SCI,non_fo,37.65,2.66
INE248A01017,ITI,non_fo,38.42,2.6
INE506A01018,DREDGECORP,non_fo,42.24,2.37
INE870D01012,NFL,non_fo,34.27,2.92
INE603J01030,PIIND,fo,23.7,4.22
INE116A01032,APCOTEXIND,non_categorized,50,2
INE759A01021,MASTEK,non_fo,33.41,2.99
INE158B01016,EIMCOELECO,non_fo,40.46,2.47
INE365D01021,ASHIANA,non_fo,32.55,3.07
INE059B01024,SIMPLEXINF,non_categorized,50,2
INE511C01022,POONAWALLA,non_fo,33.32,3
INE473D01015,KINGFA,non_categorized,50,2
INE633B01018,POLYPLEX,non_fo,31.44,3.18
INE482D01024,CARYSIL,non_fo,37.37,2.68
INE485C01029,IOLCP,non_fo,36,2.78
INE410B01037,VINATIORGA,non_fo,27.37,3.65
INE769A01020,AARTIIND,non_fo,32.73,3.06
INE036B01030,GAEL,non_fo,32.3,3.1
INE027A01015,RCF,non_fo,34.84,2.87
INE082A01010,KOPRAN,non_fo,36.85,2.71
INE412G01024,BCLIND,non_fo,34.3,2.92
INE803D01021,INDOBORAX,non_categorized,50,2
INE767A01016,AARTIDRUGS,non_fo,32.7,3.06
INE338D01028,BODALCHEM,non_categorized,50,2
INE191A01027,ORCHPHARMA,non_fo,36,2.78
INE579C01029,VIMTALABS,non_fo,41.78,2.39
INE750C01026,MARKSANS,non_fo,35.01,2.86
INE312C01025,SYNCOMF,non_categorized,50,2
INE571A01038,IPCALAB,non_fo,30.16,3.32
INE794A01010,NEULANDLAB,non_fo,37.11,2.69
INE035D01020,SOTL,non_fo,32.07,3.12
INE782E01017,HESTERBIO,non_categorized,50,2
INE295D01020,NACLIND,non_categorized,50,2
INE044A01036,SUNPHARMA,fo,22.6,4.42
INE475B01022,HIKAL,non_fo,34.77,2.88
INE475E01026,CAPLIPOINT,non_fo,32.15,3.11
INE771F01041,FISCHER,non_categorized,50,2
INE406A01037,AUROPHARMA,fo,24.5,4.08
INE987B01026,NATCOPHARM,non_fo,32.97,3.03
INE305C01029,PANAMAPET,non_fo,32.51,3.08
INE816B01035,FILATEX,non_fo,35.39,2.83
INE863B01029,PREMEXPLN,non_fo,42.75,2.34
INE356A01018,MPHASIS,fo,25.1,3.98
INE460C01014,GANESHHOU,non_fo,34.95,2.86
INE584A01023,NMDC,fo,25.9,3.86
INE822G01016,ELECTHERM,non_categorized,50,2
INE233B01017,BLUEDART,non_fo,29.78,3.36
INE305A01023,TFCILTD,non_fo,39.69,2.52
INE025B01025,GOLDIAM,non_fo,41.55,2.41
INE461C01038,GREENPLY,non_fo,34.01,2.94
INE497B01018,SEAMECLTD,non_fo,32.55,3.07
INE552D01024,CONFIPET,non_fo,50,2
INE111B01023,63MOONS,non_fo,40.14,2.49
INE059D01020,LAOPALA,non_fo,30.51,3.28
INE550C01020,URJA,non_categorized,50,2
INE348A01023,ASHAPURMIN,non_fo,41.47,2.41
INE186A01019,GUJALKALI,non_fo,33.33,3
INE383A01012,INDIACEM,non_fo,32.62,3.07
INE573A01042,JKTYRE,non_fo,33.25,3.01
INE700A01033,JUBLPHARMA,non_fo,32.29,3.1
INE718F01018,CSLFINANCE,non_categorized,50,2
INE818A01017,ANTELOPUS,non_fo,44.04,2.27
INE959A01019,PRIVISCL,non_fo,33.71,2.97
INE350C01017,OPTIEMUS,non_fo,39.03,2.56
INE495B01038,SUVEN,non_categorized,50,2
INE546C01010,PICCADIL,non_fo,36.64,2.73
INE419D01026,CLSEL,non_fo,35.11,2.85
INE955D01029,GENUSPOWER,non_fo,35.63,2.81
INE276G01015,ASIANENE,non_fo,39.13,2.56
INE349A01021,NRBBEARING,non_fo,33.09,3.02
INE015C01016,TINNARUBR,non_fo,36.9,2.71
INE131B01039,RELAXO,non_fo,31.02,3.22
INE790G01031,SHILPAMED,non_categorized,50,2
INE127I01024,GOODLUCK,non_fo,38.07,2.63
INE334A01023,STERTOOLS,non_fo,37.21,2.69
INE354C01027,BHAGERIA,non_categorized,50,2
INE001B01026,KRBL,non_fo,33.98,2.94
INE509F01029,CUPID,non_fo,50,2
INE242A01010,IOC,fo,24.2,4.13
INE050E01027,BALAMINES,non_fo,34.99,2.86
INE239D01028,OMINFRAL,non_categorized,50,2
INE011E01029,BALUFORGE,non_fo,40.47,2.47
INE244B01030,PATELENG,non_fo,35.23,2.84
INE062D01024,ALICON,non_categorized,50,2
INE548C01032,EMAMILTD,non_fo,29.19,3.43
INE109C01017,ARMANFIN,non_fo,34.8,2.87
INE024F01011,SHILCTECH,non_fo,41.17,2.43
INE096B01018,NUCLEUS,non_fo,33.27,3.01
INE522D01027,MANAPPURAM,fo,27.2,3.68
INE764D01017,VSTTILLERS,non_fo,32.01,3.12
INE768C01028,ZYDUSWELL,non_fo,30.6,3.27
INE111A01025,CONCOR,fo,24.6,4.07
INE922B01023,PANACEABIO,non_fo,40.12,2.49
INE102B01014,CHOICEIN,non_fo,30.76,3.25
INE107A01015,TNPL,non_fo,31.41,3.18
INE908D01010,SHAKTIPUMP,non_fo,38.75,2.58
INE128A01029,EVEREADY,non_fo,32.19,3.11
INE473B01035,HATSUN,non_fo,31.28,3.2
INE247D01039,JINDWORLD,non_fo,38.89,2.57
INE355A01028,SOMANYCERA,non_categorized,50,2
INE180C01042,CGCL,non_fo,34.17,2.93
INE258B01022,FDC,non_fo,28.78,3.47
INE405C01035,LINCOLN,non_fo,33.98,2.94
INE196A01026,MARICO,fo,22.6,4.42
INE632C01026,VIDHIING,non_categorized,50,2
INE414D01027,BHAGCHEM,non_categorized,50,2
INE126J01016,APOLLOPIPE,non_fo,36.42,2.75
INE205C01021,POLYMED,non_fo,35.08,2.85
INE951D01028,ATULAUTO,non_fo,36.48,2.74
INE204E01012,AGARIND,non_fo,35.47,2.82
INE540G01014,AMBIKCO,non_fo,30.92,3.23
INE325D01025,SINDHUTRAD,non_fo,42.43,2.36
INE409B01013,SWELECTES,non_categorized,50,2
INE291D01011,KDDL,non_fo,35.7,2.8
INE093A01041,HEXT,non_fo,31.89,3.14
INE028A01039,BANKBARODA,fo,25.2,3.97
INE411D01023,SKMEGGPROD,non_categorized,50,2
INE191B01025,WELCORP,non_fo,32.88,3.04
INE084A01016,BANKINDIA,fo,27,3.7
INE681B01017,INDRAMEDCO,non_fo,37.43,2.67
INE129A01019,GAIL,fo,24.9,4.02
INE884A01027,VAIBHAVGBL,non_fo,35.77,2.8
INE789E01012,JKPAPER,non_fo,34.04,2.94
INE979A01025,SAREGAMA,non_fo,33.18,3.01
INE090A01021,ICICIBANK,fo,22.6,4.42
INE136B01020,CYIENT,non_fo,31.73,3.15
INE510A01028,ENGINERSIN,non_fo,36.2,2.76
INE680A01011,DHANBANK,non_fo,32.96,3.03
INE131A01031,GMDCLTD,non_fo,38.81,2.58
INE095A01012,INDUSINDBK,fo,27.3,3.66
INE353K01014,ITDC,non_fo,37.06,2.7
INE168A01041,J&KBANK,non_fo,33.47,2.99
INE491A01021,CUB,non_fo,32.5,3.08
INE238A01034,AXISBANK,fo,23,4.35
INE683A01023,SOUTHBANK,non_fo,34.69,2.88
INE269A01021,SONATSOFTW,non_fo,34.78,2.88
INE139A01034,NATIONALUM,fo,30.2,3.31
INE092B01025,INDNIPPON,non_fo,33.3,3
INE023A01030,NSIL,non_categorized,50,2
INE372A01015,APARINDS,non_fo,37.32,2.68
INE793A01012,ACCELYA,non_fo,28.94,3.46
INE860A01027,HCLTECH,fo,23.1,4.33
INE007B01023,GEOJITFSL,non_fo,35.58,2.81
INE749A01030,JINDALSTEL,fo,25.8,3.88
INE935A01035,GLENMARK,fo,25.3,3.95
INE049B01025,WOCKPHARMA,non_fo,38.67,2.59
INE915B01019,INDSWFTLAB,non_categorized,50,2
INE813A01018,MAHLIFE,non_fo,31.44,3.18
INE010B01027,ZYDUSLIFE,fo,22.8,4.39
INE031B01049,AJANTPHARM,non_fo,29.08,3.44
INE494B01023,TVSMOTOR,fo,24.1,4.15
INE688A01022,TCI,non_fo,29.95,3.34
INE256C01024,TRIVENI,non_fo,33.11,3.02
INE417B01040,DSSL,non_fo,37.51,2.67
INE859A01011,PNBGILTS,non_fo,32.92,3.04
INE614A01028,RAMCOIND,non_fo,32.87,3.04
INE246B01019,RAMCOSYS,non_categorized,50,2
INE517B01013,TTML,non_fo,37.01,2.7
INE089C01029,STLTECH,non_fo,43.26,2.31
INE716B01029,TIPSMUSIC,non_fo,32.27,3.1
INE794B01026,BALAJITELE,non_categorized,50,2
INE565A01014,IOB,non_fo,32.38,3.09
INE586B01026,TAJGVK,non_fo,34.74,2.88
INE555B01013,AXISCADES,non_categorized,50,2
INE836A01035,BSOFT,non_fo,32.63,3.06
INE005B01027,AVANTEL,non_fo,38.21,2.62
INE935B01025,MOSCHIP,non_fo,40.78,2.45
INE102D01028,GODREJCP,fo,23.3,4.29
INE854D01024,UNITDSPR,fo,23.3,4.29
INE260D01016,OLECTRA,non_fo,37.26,2.68
INE943D01017,MPSLTD,non_fo,36.64,2.73
INE739E01017,CERA,non_fo,29.32,3.41
INE397D01024,BHARTIARTL,fo,22.6,4.42
INE255D01024,GULPOLY,non_fo,35.71,2.8
INE160A01022,PNB,fo,25.5,3.92
INE881D01027,OFSS,fo,26.3,3.8
INE692A01016,UNIONBANK,fo,27.4,3.65
INE686F01025,UBL,non_fo,26.59,3.76
INE101D01020,GRANULES,non_fo,31.28,3.2
INE476A01022,CANBK,fo,25.9,3.86
INE637C01025,POKARNA,non_fo,43.09,2.32
INE361B01024,DIVISLAB,fo,23.3,4.29
INE386C01029,ASTRAMICRO,non_fo,33.82,2.96
INE944F01028,RADICO,non_fo,31.38,3.19
INE585B01010,MARUTI,fo,22.6,4.42
INE048G01026,NAVINFLUOR,non_fo,31.33,3.19
INE691A01018,UCOBANK,non_fo,32.12,3.11
INE220G01021,JSL,non_fo,32.4,3.09
INE399C01030,SUPRAJIT,non_fo,31.15,3.21
INE236G01019,TVSELECT,non_categorized,50,2
INE203G01027,IGL,non_fo,30.4,3.29
INE038F01029,TVTODAY,non_categorized,50,2
INE347G01014,PETRONET,fo,26,3.85
INE376G01013,BIOCON,fo,25.1,3.98
INE877F01012,PTC,non_fo,31.36,3.19
INE457A01014,MAHABANK,non_fo,32.63,3.06
INE399G01023,RKFORGE,non_fo,33.01,3.03
INE365B01017,DATAMATICS,non_fo,38.4,2.6
INE155G01029,NDTV,non_categorized,50,2
INE939A01011,STAR,non_fo,34.92,2.86
INE481G01011,ULTRACEMCO,fo,23.1,4.33
INE405E01023,UNOMINDA,fo,27,3.7
INE467B01029,TCS,fo,22.6,4.42
INE591G01025,COFORGE,fo,27.2,3.68
INE348B01021,CENTURYPLY,non_fo,30.11,3.32
INE625G01013,WELENT,non_fo,33.44,2.99
INE733E01010,NTPC,fo,22.7,4.41
INE927D01051,JBMA,non_fo,38,2.63
INE366A01041,DWARKESH,non_fo,34.32,2.91
INE796G01012,JINDALPHOT,non_categorized,50,2
INE063E01053,POCL,non_fo,40.78,2.45
INE351F01018,JPPOWER,non_fo,38.67,2.59
INE887G01027,GOKEX,non_fo,41.97,2.38
INE530B01024,IIFL,non_fo,35.27,2.84
INE498B01024,SHOPERSTOP,non_fo,32.14,3.11
INE824G01012,JSWHL,non_categorized,50,2
INE823G01014,JKCEMENT,non_fo,29.79,3.36
INE528G01035,YESBANK,fo,25.8,3.88
INE752G01015,MSPL,non_categorized,50,2
INE614B01018,KTKBANK,non_fo,31.03,3.22
INE050H01012,RML,non_categorized,50,2
INE231F01020,SASKEN,non_fo,36.1,2.77
INE040H01021,SUZLON,fo,28.2,3.55
INE132H01018,AURIONPRO,non_fo,37.28,2.68
INE087H01022,RENUKA,non_fo,32.45,3.08
INE212H01026,AIAENG,non_fo,28.8,3.47
INE184H01027,EKC,non_fo,37.07,2.7
INE202H01019,KERNEX,non_categorized,50,2
INE191H01014,PVRINOX,non_fo,29.97,3.34
INE229H01012,NITINSPIN,non_fo,33.06,3.02
INE246F01010,GSPL,non_fo,29.58,3.38
INE199G01027,JAGRAN,non_fo,26.69,3.75
INE389H01022,KEC,non_fo,33.68,2.97
INE332H01014,INDOTECH,non_categorized,50,2
INE350H01032,BLKASHYAP,non_fo,37.89,2.64
INE774D01024,M&MFIN,non_fo,31.56,3.17
INE858F01012,NITCO,non_categorized,50,2
INE343H01029,SOLARINDS,fo,26.8,3.73
INE297H01019,GALLANTT,non_fo,37.8,2.65
INE786F01031,UTTAMSUGAR,non_categorized,50,2
INE401H01017,KKCL,non_fo,31.31,3.19
INE424H01027,SUNTV,non_fo,30.75,3.25
INE177H01039,GPIL,non_fo,34.13,2.93
INE411H01032,RSYSTEMS,non_fo,36.07,2.77
INE367G01038,PFOCUS,non_categorized,50,2
INE418H01029,ALLCARGO,non_categorized,50,2
INE776C01039,GMRAIRPORT,fo,26.5,3.77
INE669C01036,TECHM,fo,23.7,4.22
INE536H01010,CIEINDIA,non_fo,29.55,3.38
INE540H01012,VOLTAMP,non_fo,34.66,2.89
INE731H01025,ACE,non_fo,33.38,3
INE737H01014,FIEMIND,non_fo,32.79,3.05
INE503A01015,DCBBANK,non_fo,32.87,3.04
INE663F01032,NAUKRI,fo,25.1,3.98
INE813H01021,TORNTPOWER,fo,26.8,3.73
INE818H01020,LTFOODS,non_fo,36.34,2.75
INE671H01015,SOBHA,non_fo,33.25,3.01
INE483C01032,TANLA,non_fo,35.53,2.81
INE872H01027,LUMAXTECH,non_fo,40.24,2.49
INE870H01013,NETWORK18,non_fo,35.03,2.85
INE703H01016,HUBTOWN,non_fo,40.66,2.46
INE545H01011,TIIL,non_fo,35.86,2.79
INE891D01026,REDINGTON,non_fo,37.67,2.65
INE940H01022,PGIL,non_fo,40.99,2.44
INE684F01012,FSL,non_fo,34.08,2.93
INE134E01011,PFC,fo,26.9,3.72
INE758C01029,AHLUCONT,non_fo,33.6,2.98
INE562A01011,INDIANB,fo,26.8,3.73
INE812G01025,SMSPHARMA,non_fo,38.24,2.62
INE669E01016,IDEA,fo,34.2,2.92
INE761H01022,PAGEIND,fo,22.9,4.37
INE006I01046,ASTRAL,fo,25,4
INE052I01032,CAMLINFINE,non_categorized,50,2
INE725G01011,ICRA,non_fo,27.07,3.69
INE061F01013,FORTIS,fo,24.9,4.02
INE124G01033,DELTACORP,non_fo,33.97,2.94
INE287C01037,MICEL,non_fo,42.79,2.34
INE070I01018,INSECTICID,non_fo,32.83,3.05
INE508G01029,TIMETECHNO,non_fo,35.19,2.84
INE170I01016,HGS,non_categorized,50,2
INE189I01024,NELCAST,non_categorized,50,2
INE945H01021,V2RETAIL,non_categorized,50,2
INE271C01023,DLF,fo,25.5,3.92
INE232I01014,SPARC,non_fo,38.39,2.6
INE102I01027,ADSL,non_fo,39.84,2.51
INE800H01010,OMAXE,non_fo,38.11,2.62
INE056I01025,REFEX,non_fo,40.95,2.44
INE483A01010,CENTRALBK,non_fo,32.04,3.12
INE022I01019,ASIANTILES,non_fo,34.98,2.86
INE930H01031,KPRMILL,non_fo,34.4,2.91
INE323I01011,PURVA,non_fo,38,2.63
INE338I01027,MOTILALOFS,fo,30.7,3.26
INE752E01010,POWERGRID,fo,23,4.35
INE455I01029,KSCL,non_fo,34.44,2.9
INE420C01059,PAISALO,non_fo,35.68,2.8
INE621H01010,RELIGARE,non_fo,34.93,2.86
INE742F01042,ADANIPORTS,fo,26.4,3.79
INE532F01054,EDELWEISS,non_fo,36.34,2.75
INE722H01024,RGL,non_fo,41.84,2.39
INE036D01028,KARURVYSYA,non_fo,31.38,3.19
INE484C01030,VEEDOL,non_fo,29.14,3.43
INE098F01031,AMRUTANJAN,non_fo,28.99,3.45
INE445C01015,XPROINDIA,non_fo,36.32,2.75
INE838B01021,BHARATRAS,non_fo,37.11,2.69
INE188A01015,FACT,non_fo,38.13,2.62
INE147A01011,SPIC,non_fo,35.54,2.81
INE251B01027,ZENTEC,non_fo,35.8,2.79
INE667G01023,SAKSOFT,non_fo,36.18,2.76
INE134B01017,KECL,non_fo,36.4,2.75
INE702C01027,APLAPOLLO,fo,24.6,4.07
INE715B01021,ANDHRSUGAR,non_fo,29.76,3.36
INE091G01026,JAIBALAJI,non_fo,39.61,2.52
INE805C01028,KCP,non_fo,32.26,3.1
INE660A01013,SUNDARMFIN,non_fo,31.91,3.13
INE715A01015,WHEELS,non_fo,32.24,3.1
INE668F01031,JYOTHYLAB,non_fo,29.61,3.38
INE094I01018,KOLTEPATIL,non_fo,31.17,3.21
INE738I01010,ECLERX,non_fo,34.92,2.86
INE763I01026,TARIL,non_fo,44.08,2.27
INE791I01019,BRIGADE,non_fo,31.53,3.17
INE858B01029,ISGEC,non_fo,35.84,2.79
INE614G01033,RPOWER,non_categorized,50,2
INE576I01022,JKIL,non_fo,32.65,3.06
INE634I01029,KNRCON,non_fo,33.74,2.96
INE615I01010,GLOBUSSPR,non_fo,34.47,2.9
INE821I01022,IRB,non_fo,31.03,3.22
INE964H01014,SEPC,non_fo,42.77,2.34
INE951I01027,VGUARD,non_fo,27.77,3.6
INE020B01018,RECLTD,fo,27.1,3.69
INE950I01011,DBCORP,non_fo,32.13,3.11
INE415I01015,KIRIINDUS,non_fo,39.18,2.55
INE998I01010,MHRIL,non_fo,29.05,3.44
INE949H01023,MANINFRA,non_fo,33.93,2.95
INE274J01014,OIL,fo,26.8,3.73
INE195J01029,PNCINFRA,non_fo,32.51,3.08
INE615H01020,TITAGARH,non_fo,34.51,2.9
INE917I01010,BAJAJ-AUTO,fo,23.2,4.31
INE342J01019,ZFCVINDIA,non_fo,30.74,3.25
INE683C01011,MAITHANALL,non_fo,33.45,2.99
INE918I01026,BAJAJFINSV,fo,23.1,4.33
INE105J01010,RPGLIFE,non_fo,33.14,3.02
INE236E01022,ELLEN,non_fo,33.55,2.98
INE725E01024,ORISSAMINE,non_fo,35.88,2.79
INE675C01017,CIGNITITEC,non_fo,31.99,3.13
INE144J01027,20MICRONS,non_fo,36.88,2.71
INE837H01020,ADVENZYMES,non_fo,32.88,3.04
INE442H01029,ASHOKA,non_fo,34.63,2.89
INE325C01035,DOLLAR,non_fo,32.16,3.11
INE118H01025,BSE,fo,32.3,3.1
INE460H01021,STARCEMENT,non_fo,29.58,3.38
INE736A01011,CDSL,fo,27.9,3.58
INE427F01016,CHALET,non_fo,30.19,3.31
INE600K01018,GALAXYSURF,non_fo,29.56,3.38
INE382Z01011,GRSE,non_fo,41.19,2.43
INE484J01027,GODREJPROP,fo,27.9,3.58
INE517F01014,GPPL,non_fo,31.49,3.18
INE127D01025,HDFCAMC,fo,25.5,3.92
INE106T01025,HITECH,non_fo,35.35,2.83
INE335Y01020,IRCTC,non_fo,27.63,3.62
INE202E01016,IREDA,fo,28.2,3.55
INE121E01018,JSWENERGY,fo,27.1,3.69
INE255X01014,MSTCLTD,non_fo,34.59,2.89
INE002S01010,MGL,non_fo,31.26,3.2
INE490G01020,MOIL,non_fo,35.97,2.78
INE099Z01011,MIDHANI,non_fo,36.34,2.75
INE745G01043,MCX,fo,29.5,3.39
INE095N01031,NBCC,fo,29.8,3.36
INE415G01027,RVNL,fo,30.5,3.28
INE230R01035,RAMASTEEL,non_fo,40.91,2.44
INE874I01013,RAMKY,non_fo,35.66,2.8
INE976G01028,RBLBANK,fo,27.3,3.66
INE298J01013,NAM-INDIA,fo,28.8,3.47
INE612J01015,REPCOHOME,non_fo,31.94,3.13
INE320J01015,RITES,non_fo,33.32,3
INE212I01016,SPAL,non_fo,37.76,2.65
INE278H01035,SANDHAR,non_fo,34.79,2.87
INE597I01028,SHARDAMOTR,non_fo,35.47,2.82
INE734N01019,SNOWMAN,non_fo,34.08,2.93
INE258G01013,SUMICHEM,non_fo,30.24,3.31
INE398R01022,SYNGENE,non_fo,29.99,3.33
INE094J01016,UTIAMC,non_fo,30.49,3.28
INE956G01038,WABAG,non_fo,34.12,2.93
INE200M01039,VBL,fo,25.7,3.89
INE366I01010,VRLLOG,non_fo,28.93,3.46
INE814H01029,ADANIPOWER,fo,30.3,3.3
INE732I01021,ANGELONE,fo,31,3.23
INE988S01028,PARKHOTELS,non_fo,33.07,3.02
INE121J01017,INDUSTOWER,fo,25.7,3.89
INE596I01020,CAMS,fo,26.4,3.79
INE935N01020,DIXON,fo,29,3.45
INE481Y01014,GICRE,non_fo,30.88,3.24
INE075I01017,HCG,non_fo,30.28,3.3
INE726G01019,ICICIPRULI,fo,22.8,4.39
INE262H01021,PERSISTENT,fo,26.4,3.79
INE647O01011,ABFRL,non_fo,33.42,2.99
INE285J01028,SIS,non_fo,28.72,3.48
INE010J01012,TEJASNET,non_fo,41.69,2.4
INE934S01014,GNA,non_fo,34.51,2.9
INE455K01017,POLYCAB,fo,26.7,3.75
INE123W01016,SBILIFE,fo,22.6,4.42
INE599M01018,JUSTDIAL,non_fo,31.52,3.17
INE0J1F01024,RPTECH,non_fo,31.79,3.15
INE916U01025,SFL,non_fo,30.92,3.23
INE893I01013,VASCONEQ,non_fo,40.59,2.46
INE540L01014,ALKEM,fo,22.8,4.39
INE563J01010,ASTEC,non_fo,50,2
INE411U01027,BAJAJHCARE,non_fo,37.04,2.7
INE171Z01026,BDL,fo,30.4,3.29
INE045J01034,FCL,non_fo,36.46,2.74
INE031A01017,HUDCO,fo,29.3,3.41
INE970X01018,LEMONTREE,non_fo,31.67,3.16
INE150G01020,LUXIND,non_fo,32.58,3.07
INE900L01010,MBAPL,non_fo,32.78,3.05
INE842C01021,MINDACORP,non_fo,31.57,3.17
INE619B01017,NEWGEN,non_fo,40.77,2.45
INE811K01011,PRESTIGE,fo,27.5,3.64
INE103C01036,SMCGLOBAL,non_fo,37.07,2.7
INE953O01021,SANSERA,non_fo,32.59,3.07
INE665L01035,VARROC,non_fo,32.73,3.06
INE00LO01017,CRAFTSMAN,non_fo,32.86,3.04
INE797F01020,JUBLFOOD,fo,24.6,4.07
INE913H01037,ENDURANCE,non_fo,30.66,3.26
INE024L01027,GRAVITA,non_fo,35.58,2.81
INE982F01036,HATHWAY,non_fo,31.41,3.18
INE495S01016,HPL,non_fo,40.02,2.5
INE214T01019,LTM,fo,24.9,4.02
INE155Z01011,MACPOWER,non_categorized,50,2
INE848E01016,NHPC,fo,24.8,4.03
INE689W01016,PRINCEPIPE,non_fo,33.67,2.97
INE439E01022,SKIPPER,non_fo,36.79,2.72
INE053F01010,IRFC,fo,27.7,3.61
INE765G01017,ICICIGI,fo,22.6,4.42
INE470Y01017,NIACL,non_fo,33.65,2.97
INE795G01014,HDFCLIFE,fo,22.6,4.42
INE919H01018,IMFA,non_fo,37.96,2.63
INE572E01012,PNBHOUSING,fo,28.3,3.53
INE850D01014,GODREJAGRO,non_fo,31.19,3.21
INE608A01012,PSB,non_fo,34.52,2.9
INE766P01016,MAHLOG,non_fo,33.43,2.99
INE410P01011,NH,non_fo,30.18,3.31
INE893J01029,MOLDTKPAC,non_fo,31.55,3.17
INE600L01024,LALPATHLAB,non_fo,27.77,3.6
INE594H01019,THYROCARE,non_fo,33.87,2.95
INE526E01018,SHRIPISTON,non_fo,34.05,2.94
INE201K01015,EXPLEOSOL,non_categorized,50,2
INE399K01017,RTNPOWER,non_fo,35.98,2.78
INE085J01014,THANGAMAYL,non_fo,39.42,2.54
INE947J01015,DEN,non_fo,31.35,3.19
INE417C01014,PILANIINVS,non_categorized,50,2
INE522F01014,COALINDIA,fo,23.5,4.26
INE250K01012,DLINKINDIA,non_fo,34.32,2.91
INE670K01029,LODHA,fo,28.4,3.52
INE068L01024,CANTABIL,non_fo,33.61,2.98
INE879I01012,DBREALTY,non_fo,39.53,2.53
INE066F01020,HAL,fo,25.9,3.86
INE704P01025,COCHINSHIP,fo,31.1,3.22
INE249Z01020,MAZDOCK,fo,31.4,3.18
INE093I01010,OBEROIRLTY,fo,25.4,3.94
INE880L01014,KIOCL,non_categorized,50,2
INE498L01015,LTF,fo,26.3,3.8
INE002L01015,SJVN,non_fo,33.58,2.98
INE933K01021,BAJAJCON,non_fo,35.83,2.79
INE572J01011,SPANDANA,non_fo,36.27,2.76
INE560K01014,PFS,non_fo,35.25,2.84
INE209L01016,JWL,non_fo,38.95,2.57
INE148I01020,SAMMAANCAP,fo,30.6,3.27
INE285K01026,TECHNOE,non_fo,35.27,2.84
INE500L01026,SHK,non_fo,36.94,2.71
INE999K01014,GREENPOWER,non_fo,35.84,2.79
INE914M01019,ASTERDM,non_fo,30.32,3.3
INE390G01014,GPTINFRA,non_fo,36.71,2.72
INE985S01024,TEAMLEASE,non_fo,29.97,3.34
INE066O01014,WONDERLA,non_fo,30.41,3.29
INE895B01021,RUPA,non_fo,31.01,3.22
INE316L01019,BHARATWIRE,non_fo,38.65,2.59
INE414G01012,MUTHOOTFIN,fo,27.3,3.66
INE066P01011,INOXWIND,fo,30.5,3.28
INE741K01010,CREDITACC,non_fo,34.62,2.89
INE646L01027,INDIGO,fo,25.9,3.86
INE406M01024,ERIS,non_fo,30,3.33
INE457L01029,PGEL,fo,34.2,2.92
INE021O01019,DODLA,non_fo,31.56,3.17
INE621L01012,TEXRAIL,non_fo,36.85,2.71
INE146L01010,KIRLOSENG,non_fo,34.64,2.89
INE306L01010,QUICKHEAL,non_fo,39.26,2.55
INE785M01021,PCJEWELLER,non_fo,38.4,2.6
INE866R01028,MATRIMONY,non_fo,30.91,3.24
INE760L01018,TBZ,non_fo,37.9,2.64
INE00IN01015,STOVEKRAFT,non_fo,36.47,2.74
INE495P01020,BECTORFOOD,non_fo,32.65,3.06
INE694N01015,HERANBA,non_categorized,50,2
INE192R01011,DMART,fo,24,4.17
INE419M01027,TDPOWERSYS,non_fo,36.63,2.73
INE016Q01014,CEINSYS,non_categorized,50,2
INE883N01014,PARAGMILK,non_fo,37.76,2.65
INE050M01012,VSSL,non_fo,33.2,3.01
INE022Q01020,IEX,fo,30.1,3.32
INE337M01021,INDOTHAI,non_categorized,50,2
INE901L01018,APLLTD,non_fo,29.91,3.34
INE202Z01029,TSFINV,non_fo,37.27,2.68
INE618R01015,SGFIN,non_fo,34.78,2.88
INE018E01016,SBICARD,fo,24,4.17
INE371P01015,AMBER,fo,30.2,3.31
INE586V01016,TCIEXP,non_fo,30.52,3.28
INE152M01016,TRITURBINE,non_fo,33.57,2.98
INE463V01026,ANANDRATHI,non_fo,28.66,3.49
INE917M01012,DBL,non_fo,33.83,2.96
INE348L01012,MASFIN,non_fo,29.82,3.35
INE221J01015,SHARDACROP,non_fo,40.06,2.5
INE752H01013,CARERATING,non_fo,32.02,3.12
INE278M01019,NAVKARCORP,non_fo,37.84,2.64
INE034S01021,ARVSMART,non_fo,33.15,3.02
INE399L01023,ATGL,non_fo,37.38,2.68
INE382M01027,UFBL,non_fo,38.03,2.63
INE385W01011,DCAL,non_categorized,50,2
INE618L01018,5PAISA,non_fo,34.08,2.93
INE466L01038,360ONE,fo,26.8,3.73
INE00WC01027,AFFLE,non_fo,31.01,3.22
INE039O01029,JASH,non_fo,34.14,2.93
INE418L01047,NAZARA,non_fo,33.96,2.94
INE834M01019,RTNINDIA,non_fo,37.83,2.64
INE840M01016,ZUARI,non_categorized,50,2
INE073V01015,COMSYN,non_categorized,50,2
INE743M01012,RHIM,non_fo,33.12,3.02
INE335K01011,COFFEEDAY,non_categorized,50,2
INE00FF01025,ACUTAAS,non_fo,36.34,2.75
INE02A801020,ROSSARI,non_fo,29.75,3.36
INE01EG01016,RITCO,non_fo,35.37,2.83
INE896L01010,INDOSTAR,non_fo,36.79,2.72
INE597J01018,SHALBY,non_fo,33.9,2.95
INE112L01020,METROPOLIS,non_fo,29.12,3.43
INE481N01025,HOMEFIRST,non_fo,34.21,2.92
INE195N01013,PROZONER,non_categorized,50,2
INE025R01021,ARTEMISMED,non_fo,33.47,2.99
INE299N01021,WAAREERTL,non_fo,38.47,2.6
INE665J01013,VMART,non_fo,32.57,3.07
INE391J01032,JTLIND,non_fo,41.7,2.4
INE121N01019,THEJO,non_categorized,50,2
INE136S01016,NEOGEN,non_fo,37.56,2.66
INE149O01018,NIBE,non_fo,39.55,2.53
INE674K01013,ABCAPITAL,fo,26.2,3.82
INE876N01018,ORIENTCEM,non_fo,33.05,3.03
INE206F01022,AIIL,non_fo,40.48,2.47
INE489L01022,IIFLCAPS,non_fo,39.74,2.52
INE596F01018,PTCIL,non_fo,33.34,3
INE885H01029,SPORTKING,non_categorized,50,2
INE613C01026,MCLOUD,non_categorized,50,2
INE147P01019,JPOLYINVST,non_categorized,50,2
INE498Q01014,VINCOFE,non_fo,34.79,2.87
INE844O01030,GUJGASLTD,non_fo,29.05,3.44
INE442P01014,SUYOG,non_categorized,50,2
INE211R01019,POWERMECH,non_fo,34.78,2.88
INE484I01029,PRECAM,non_fo,40.82,2.45
INE950M01013,MONTECARLO,non_fo,32.04,3.12
INE172N01012,IMAGICAA,non_fo,34.2,2.92
INE111Q01021,PDSL,non_fo,34.62,2.89
INE615P01015,QUESS,non_fo,31.17,3.21
INE635Q01029,GULFOILLUB,non_fo,30.9,3.24
INE216P01012,AAVAS,non_fo,29.64,3.37
INE010V01017,LTTS,non_fo,31.39,3.19
INE830Q01018,MANAKCOAT,non_fo,38,2.63
INE974X01010,TIINDIA,fo,27.6,3.62
INE244O01017,UNIPARTS,non_fo,32.77,3.05
INE712K01011,SHREEPUSHK,non_fo,40.38,2.48
INE306R01017,INTELLECT,non_fo,35.65,2.81
INE947Q01028,LAURUSLABS,fo,26.3,3.8
INE931S01010,ADANIENSOL,fo,30.6,3.27
INE544R01021,GREENLAM,non_categorized,50,2
INE976R01033,AGIIL,non_fo,37.97,2.63
INE063P01018,EQUITASBNK,non_fo,31.08,3.22
INE450U01017,ROUTE,non_fo,31.68,3.16
INE393P01035,DIAMONDYD,non_fo,31.79,3.15
INE483S01020,CCAVENUE,non_fo,34.8,2.87
INE344S01016,INFOBEAN,non_categorized,50,2
INE00Q601028,STUDDS,non_fo,26.5,3.77
INE616Z01012,YASHO,non_categorized,50,2
INE784R01023,ARFIN,non_categorized,50,2
INE01BK01022,AWHCL,non_fo,37.71,2.65
INE092T01019,IDFCFIRSTB,fo,26.5,3.77
INE545U01014,BANDHANBNK,fo,27.6,3.62
INE865T01018,PDMJEPAPER,non_categorized,50,2
INE314T01033,GOKULAGRO,non_fo,37.91,2.64
INE299U01018,CROMPTON,fo,24.4,4.1
INE153T01027,BLS,non_fo,37.98,2.63
INE093R01011,LLOYDSENGG,non_fo,38.86,2.57
INE583V01021,RADHIKAJWE,non_fo,37.75,2.65
INE926X01010,HGINFRA,non_fo,34.57,2.89
INE732S01012,SAKAR,non_categorized,50,2
INE679V01027,AVL,non_fo,33.44,2.99
INE046W01019,MUTHOOTMF,non_fo,33.54,2.98
INE546V01010,EIFFL,non_categorized,50,2
INE488V01015,PSPPROJECT,non_fo,34.45,2.9
INE506W01012,KRISHANA,non_fo,34.32,2.91
INE726V01018,PRICOLLTD,non_fo,32.6,3.07
INE170V01027,SALASAR,non_fo,40.01,2.5
INE346W01013,APEX,non_fo,44.25,2.26
INE264T01014,CAPACITE,non_fo,36.65,2.73
INE949L01017,AUBANK,fo,25.5,3.92
INE349W01017,AVADHSUGAR,non_fo,34.27,2.92
INE347W01011,MAGADSUGAR,non_categorized,50,2
INE782X01033,SERVOTECH,non_fo,40.33,2.48
INE932X01026,SHAREINDIA,non_fo,36.87,2.71
INE717W01049,GANDHAR,non_fo,32.28,3.1
INE551W01018,UJJIVANSFB,non_fo,33.66,2.97
INE600Y01019,DYCL,non_fo,39.3,2.54
INE351Y01019,BETA,non_categorized,50,2
INE713T01028,APOLLO,non_categorized,50,2
INE622W01025,ACMESOLAR,non_fo,33.66,2.97
INE266Y01019,DPABHUSHAN,non_fo,33.24,3.01
INE520Y01019,ICEMAKE,non_fo,35.22,2.84
INE818W01011,ESAFSFB,non_fo,31.88,3.14
INE840Y01029,ONEPOINT,non_fo,37.59,2.66
INE869Y01010,TEMBO,non_categorized,50,2
INE880Y01017,SOLEX,non_categorized,50,2
INE980Y01015,SOUTHWEST,non_categorized,50,2
INE142Z01019,ORIENTELEC,non_fo,33.54,2.98
INE686Y01026,FINEORG,non_fo,30.34,3.3
INE792Z01011,SIRCA,non_fo,31.51,3.17
INE258Y01016,LGHL,non_categorized,50,2
INE364U01010,ADANIGREEN,fo,31.7,3.15
INE00VM01036,MANORAMA,non_fo,37.27,2.68
INE624Z01016,SOLARA,non_fo,36.32,2.75
INE933S01016,INDIAMART,non_fo,29.04,3.44
INE01JE01028,MARINE,non_categorized,50,2
INE01EO01010,SPECTRUM,non_categorized,50,2
INE01IU01018,SKYGOLD,non_fo,37.89,2.64
INE01GN01025,IRISDOREME,non_categorized,50,2
INE602W01027,SENCO,non_fo,34.57,2.89
INE00Y201027,FLAIR,non_fo,31.76,3.15
INE542W01025,KPIGREEN,non_fo,37.86,2.64
INE00R701025,DALBHARAT,fo,24.2,4.13
INE294Z01018,ANUP,non_fo,37.77,2.65
INE955V01021,ARVINDFASN,non_fo,32.65,3.06
INE425Y01011,RPSGVENT,non_fo,38.78,2.58
INE04I401011,KPITTECH,fo,28,3.57
INE00M201021,SWSOLAR,non_fo,37.24,2.69
INE08ZM01014,GREENPANEL,non_fo,33.45,2.99
INE679A01013,CSBBANK,non_fo,35.69,2.8
INE09N301011,FLUOROCHEM,non_fo,30.89,3.24
INE05AN01011,HINDWAREAP,non_fo,37.47,2.67
INE08KJ01020,MUFIN,non_fo,36.14,2.77
INE08U801020,SAMHI,non_fo,32.87,3.04
INE07T201019,RBA,non_fo,30.45,3.28
INE07O001026,EASEMYTRIP,non_fo,38.85,2.57
INE07Y701011,POWERINDIA,fo,31.9,3.13
INE03QK01018,COHANCE,non_fo,33.13,3.02
INE07OG01012,NDRAUTO,non_fo,39.63,2.52
INE0ALI01010,ADVAIT,non_fo,41.14,2.43
INE0D6I01023,KSOLVES,non_categorized,50,2
INE02PY01013,BOROLTD,non_fo,33.35,3
INE0J1Y01017,LICI,fo,24,4.17
INE027H01010,MAXHEALTH,fo,25.3,3.95
INE419U01012,HAPPSTMNDS,non_fo,32.7,3.06
INE0DNW01011,FAIRCHEMOR,non_categorized,50,2
INE0D0K01022,SIGACHI,non_fo,40.34,2.48
INE0AJG01018,HEMIPROP,non_fo,36.36,2.75
INE068V01023,GLAND,non_fo,29.03,3.44
INE0CJD01029,KMEW,non_fo,41.52,2.41
INE0EK901012,TARC,non_fo,36.8,2.72
INE864I01014,MTARTECH,non_fo,36.06,2.77
INE09VQ01012,INDIGOPNTS,non_fo,30.92,3.23
INE930P01018,ANURAS,non_fo,28.96,3.45
INE0DD101019,RAILTEL,non_fo,36.35,2.75
INE0D6701023,IPL,non_fo,34.64,2.89
INE576O01020,LXCHEM,non_fo,34.46,2.9
INE045601023,PARAS,non_fo,37.6,2.66
INE303R01014,KALYANKJIL,fo,30,3.33
INE428Q01011,SURYODAY,non_fo,34.7,2.88
INE967H01025,KIMS,non_fo,30.08,3.32
INE810G01011,SHYAMMETL,non_fo,29.9,3.34
INE073K01018,SONACOMS,fo,26.4,3.79
INE0BY001018,JUBLINGREA,non_fo,34.14,2.93
INE645S01024,ROLEXRINGS,non_fo,33.29,3
INE0GK401011,TATVA,non_fo,37.8,2.65
INE953L01027,JSFB,non_fo,33.53,2.98
INE227W01023,CLEAN,non_fo,30.32,3.3
INE217L01019,SHRIRAMPPS,non_fo,34.63,2.89
INE201P01022,GRINFRA,non_fo,29.25,3.42
INE404A01024,ABSLAMC,non_fo,32.22,3.1
INE03Q201024,ALIVUS,non_fo,30.87,3.24
INE0FHS01024,DEEPINDS,non_fo,36.72,2.72
INE758T01015,ETERNAL,fo,28.2,3.55
INE118D01016,NUVOCO,non_fo,29.78,3.36
INE456Z01021,MEDIASSIST,non_fo,33.31,3
INE0H5O01029,WINDLAS,non_fo,34.39,2.91
INE872J01023,DEVYANI,non_fo,32.19,3.11
INE07RO01027,SUPRIYA,non_fo,34.56,2.89
INE852O01025,APTUS,non_fo,30.44,3.29
INE290S01011,CARTRADE,non_fo,40.09,2.49
INE08LI01020,KRSNAA,non_fo,31.78,3.15
INE043W01024,VIJAYA,non_fo,32.27,3.1
INE08PH01015,ABCOTS,non_categorized,50,2
INE735W01017,UTKARSHBNK,non_fo,36.23,2.76
INE0HLU01028,MOBIKWIK,non_fo,38.46,2.6
INE982J01020,PAYTM,fo,30.2,3.31
INE850M01015,NORTHARC,non_fo,33.22,3.01
INE0FFK01017,NPST,non_categorized,50,2
INE575P01011,STARHEALTH,non_fo,27.62,3.62
INE284S01014,SJS,non_fo,34.14,2.93
INE417T01026,POLICYBZR,fo,28.1,3.56
INE02NC01014,FINOPB,non_fo,42.74,2.34
INE388Y01029,NYKAA,fo,25.1,3.98
INE699H01024,AWL,non_fo,31.34,3.19
INE139R01012,FUSION,non_fo,36.12,2.77
INE144Z01023,TARSONS,non_fo,34.37,2.91
INE806T01020,SAPPHIRE,non_fo,33.29,3
INE0HV901016,IXIGO,non_fo,39.45,2.53
INE071N01016,EPIGRAL,non_fo,35.11,2.85
INE925R01014,CMSINFO,non_fo,29.37,3.4
INE088F01024,PARADEEP,non_fo,37.39,2.67
INE0CT101020,MOL,non_fo,36.18,2.76
INE0BJS01011,GOCOLORS,non_fo,33.31,3
INE804L01022,MEDPLUS,non_fo,29.2,3.42
INE0CLI01024,RATEGAIN,non_fo,35.31,2.83
INE011K01018,TEGA,non_fo,32.38,3.09
INE168P01015,EMCURE,non_fo,31.22,3.2
INE00F201020,PRUDENT,non_fo,35.92,2.78
INE317I01021,METROBRAND,non_fo,30.31,3.3
INE0BV301023,MAPMYINDIA,non_fo,32.57,3.07
INE668A01016,TMB,non_fo,29.47,3.39
INE825V01034,MANYAVAR,non_fo,30.77,3.25
INE02YR01019,EMIL,non_fo,35.79,2.79
INE0IX101010,DATAPATTNS,non_fo,38.58,2.59
INE497S01012,GODAVARIB,non_categorized,50,2
INE377N01017,WAAREEENER,fo,30.4,3.29
INE474Q01031,MEDANTA,non_fo,30.06,3.33
INE0J5801029,JSLL,non_fo,31.43,3.18
INE486R01017,GPTHEALTH,non_fo,29.59,3.38
INE0I7C01011,LATENTVIEW,non_fo,33.7,2.97
INE148O01028,DELHIVERY,fo,26.2,3.82
INE0IQ001011,VERANDA,non_fo,39.81,2.51
INE128S01021,FIVESTAR,non_fo,33.82,2.96
INE01QM01018,EMUDHRA,non_fo,32.55,3.07
INE050401020,ELIN,non_categorized,50,2
INE0DYJ01015,SYRMA,non_fo,36.7,2.72
INE673O01025,TBOTEK,non_fo,33.36,3
INE0ILV01024,CAPILLARY,non_fo,30.16,3.32
INE0JA001018,VENUSPIPES,non_fo,35.59,2.81
INE961O01016,RAINBOW,non_fo,28.72,3.48
INE278Y01022,CAMPUS,non_fo,29.61,3.38
INE004A01022,PROTEAN,non_fo,35.5,2.82
INE0BWX01014,AETHER,non_fo,32.66,3.06
INE0JPD01013,SANATHAN,non_categorized,50,2
INE559R01029,LANDMARK,non_fo,35.65,2.81
INE04TZ01018,ETHOSLTD,non_fo,32.08,3.12
INE00OQ01016,DHARMAJ,non_categorized,50,2
INE0JUS01029,HARSHA,non_fo,30.63,3.26
INE0G1L01017,LEMERITE,non_fo,26.5,3.77
INE0J5601015,KRISHNADEF,non_fo,31.24,3.2
INE510W01014,INOXGREEN,non_categorized,50,2
INE007N01010,FEDFINA,non_fo,33.58,2.98
INE128X01021,ACI,non_fo,32.13,3.11
INE00E101023,BIKAJI,non_fo,29.13,3.43
INE843S01025,SURAJEST,non_fo,36.46,2.74
INE0KCE01017,EUREKAFORB,non_fo,31.14,3.21
INE079J01017,GATEWAY,non_fo,30.61,3.27
INE0CU601026,GMRP&UI,non_fo,37.14,2.69
INE0FS801015,MSUMI,non_fo,29.05,3.44
INE078V01014,VIKRAMSOLR,non_fo,32.29,3.1
INE0JR601024,YATRA,non_fo,42.29,2.36
INE0JYY01011,MWL,non_categorized,50,2
INE0JO301016,YATHARTH,non_fo,33.28,3
INE138Y01010,KFINTECH,fo,29.2,3.42
INE0KL801015,DCXINDIA,non_fo,38.37,2.61
INE883F01010,AADHARHFC,non_fo,28.76,3.48
INE918Z01012,KAYNES,fo,33,3.03
INE0L0L01012,MODIS,non_categorized,50,2
INE263M01029,RUSTOMJEE,non_fo,30.89,3.24
INE0KKN01029,RHETAN,non_fo,33.35,3
INE552Z01027,ABDL,non_fo,32.68,3.06
INE0DUT01020,INNOVACAP,non_fo,32.57,3.07
INE037Z01029,CEWATER,non_categorized,50,2
INE903U01023,SIGNATURE,non_fo,31.99,3.13
INE142Q01026,SULA,non_fo,31.4,3.18
INE0HR601026,DDEVPLSTIK,non_fo,38.56,2.59
INE438K01021,KALAMANDIR,non_fo,36.58,2.73
INE0LCL01028,AVALON,non_fo,37.91,2.64
INE338H01029,CONCORDBIO,non_fo,34.85,2.87
INE03JT01014,GODIGIT,non_fo,28.49,3.51
INE0KBH01020,BLUEJET,non_fo,37.85,2.64
INE0DK501011,PPLPHARMA,fo,27.5,3.64
INE0I3401014,DBOL,non_categorized,50,2
INE634S01028,MANKIND,fo,24.6,4.07
INE753U01022,DIVGIITTS,non_categorized,50,2
INE0LLY01014,EIEL,non_fo,36.69,2.73
INE0FRK01020,MOTISONS,non_fo,38.31,2.61
INE0LOJ01019,IKIO,non_categorized,50,2
INE0LRU01027,AARTIPHARM,non_fo,35.2,2.84
INE0NNS01018,NSLNISP,non_fo,33.71,2.97
INE423Y01016,SBFC,non_fo,31.2,3.21
INE07U701015,IRMENERGY,non_fo,34.54,2.9
INE065X01017,INDGN,non_fo,30.26,3.3
INE07K301024,ZAGGLE,non_fo,39.21,2.55
INE0J5401028,HONASA,non_fo,33.35,3
INE0N2P01017,RISHABH,non_categorized,50,2
INE0MB501011,JGCHEM,non_fo,37.12,2.69
INE055S01018,CYIENTDLM,non_fo,33.16,3.02
INE05CZ01011,RATNAVEER,non_fo,36.73,2.72
INE349Y01013,IDEAFORGE,non_fo,38.33,2.61
INE142M01025,TATATECH,fo,24.2,4.13
INE0NT901020,NETWEB,non_fo,40.18,2.49
INE851I01011,UDS,non_fo,35.11,2.85
INE024001021,AEROFLEX,non_fo,38.13,2.62
INE0OV601013,EMSLIMITED,non_fo,38.3,2.61
INE0PB301013,SCILAL,non_fo,32.53,3.07
INE0AE001013,VPRPL,non_fo,40.11,2.49
INE777K01022,RRKABEL,non_fo,31.64,3.16
INE0PA801013,GHCLTEXTIL,non_categorized,50,2
INE880J01026,JSWINFRA,non_fo,30.16,3.32
INE682M01012,JLHL,non_fo,27.74,3.6
INE0CJF01024,WCIL,non_fo,33,3.03
INE491J01022,ASKAUTOLTD,non_fo,31.28,3.2
INE0PT501018,PLATIND,non_fo,37.13,2.69
INE220Q01020,MUFTI,non_fo,35.47,2.82
INE342G01023,NIITMTS,non_fo,31.83,3.14
INE922K01024,INDIASHLTR,non_fo,30.45,3.28
INE0NLT01010,BLSE,non_categorized,50,2
INE0LXT01019,REDTAPE,non_fo,34.2,2.92
INE0G5901015,EPACK,non_fo,37.56,2.66
INE330T01021,HAPPYFORGE,non_fo,30.14,3.32
INE0LMW01024,CELLO,non_fo,29.51,3.39
INE758E01017,JIOFIN,fo,25.2,3.97
INE321T01012,DOMS,non_fo,31.28,3.2
INE0OAF01028,JNKINDIA,non_categorized,50,2
INE616N01034,INOXINDIA,non_fo,29.11,3.44
INE0QRL01017,ARKADE,non_fo,31.74,3.15
INE980O01024,JYOTICNC,non_fo,35.57,2.81
INE01A001028,STANLEY,non_fo,32.49,3.08
INE531F01023,NUVAMA,fo,28.9,3.46
INE841L01016,DEEDEV,non_fo,39.23,2.55
INE622H01018,INDOFARM,non_fo,37.16,2.69
INE696F01016,JUNIPER,non_categorized,50,2
INE777F01014,EXICOM,non_fo,37.63,2.66
INE02IJ01035,AZAD,non_fo,33.82,2.96
INE0R6Z01013,SRM,non_fo,37.43,2.67
INE0QN801017,KRYSTAL,non_categorized,50,2
INE03EI01018,MAXESTATES,non_fo,34.5,2.9
INE0L9R01028,GOPAL,non_fo,31.55,3.17
INE0O6601022,KROSS,non_fo,36.15,2.77
INE0R4L01018,DENTA,non_fo,37.37,2.68
INE0KQN01018,BAJEL,non_categorized,50,2
INE0RYC01010,STALLION,non_categorized,50,2
INE108V01019,AWFIS,non_fo,35.45,2.82
INE0LXG01040,OLAELEC,non_categorized,50,2
INE0Q3R01026,SUNCLAY,non_categorized,50,2
INE184O01015,DIFFNKG,non_fo,36.54,2.74
INE02RE01045,FIRSTCRY,non_fo,38.05,2.63
INE08NE01025,SANSTAR,non_fo,31.4,3.18
INE00U401027,UNIECOM,non_fo,35.55,2.81
INE0Q3J01015,KRN,non_fo,36.95,2.71
INE343G01021,BHARTIHEXA,non_fo,30.65,3.26
INE0JVO01026,GARUDA,non_fo,41.58,2.41
INE09XN01023,AKUMS,non_fo,31.27,3.2
INE0PPK01015,ORIENTTECH,non_fo,42.79,2.34
INE0AG901020,CEIGALL,non_fo,28.82,3.47
INE454P01035,TRANSRAILL,non_fo,34.54,2.9
INE01FR01028,STYLEBAAZA,non_fo,40.03,2.5
INE00M901018,INTERARCH,non_fo,34.67,2.88
INE953R01016,PNGJL,non_fo,30.98,3.23
INE0S4R01014,CRIZAC,non_fo,32.65,3.06
INE0R8B01010,PATELRMART,non_categorized,50,2
INE06HJ01020,ECOSMOBLTY,non_fo,39.69,2.52
INE101I01011,AFCONS,non_fo,28.37,3.52
INE0BS701011,PREMIERENE,fo,29,3.45
INE02L001032,BOROSCI,non_categorized,50,2
INE377Y01014,BAJAJHFL,non_fo,27.14,3.68
INE0LRY01011,QUADFUTURE,non_fo,40.94,2.44
INE0V6F01027,HYUNDAI,fo,24.2,4.13
INE0TO701015,MAMATA,non_fo,35.79,2.79
INE995S01015,NIVABUPA,non_fo,29.35,3.41
INE0W2G01015,SAGILITY,non_fo,33.28,3
INE0UIZ01018,BLACKBUCK,non_fo,35.08,2.85
INE570L01029,SAILIFE,non_fo,32.02,3.12
INE0M4D01010,SETL,non_fo,35.14,2.85
INE0RB801010,SENORES,non_fo,32.87,3.04
INE506V01022,RUBICON,non_fo,26.86,3.72
INE0H9P01028,ARIS,non_fo,35.39,2.83
INE115Q01022,IKS,non_fo,31.25,3.2
INE227J01012,KALPATARU,non_fo,29.05,3.44
INE718I01012,JSWCEMENT,non_fo,26.79,3.73
INE0NAZ01010,SMARTWORKS,non_fo,28.5,3.51
INE0MWH01014,TRUALT,non_fo,30.87,3.24
INE0U3I01011,UNIMECH,non_categorized,50,2
INE0Q9301021,IGIL,non_fo,32.64,3.06
INE0V7W01012,CARRARO,non_fo,35.49,2.82
INE02ID01020,RAYMONDLSL,non_fo,36.39,2.75
INE284H01025,DAMCAPITAL,non_fo,35.43,2.82
INE056801025,IVALUE,non_fo,29.8,3.36
INE0LEZ01016,ATHERENERG,non_fo,33.14,3.02
INE781S01027,VENTIVE,non_fo,30.1,3.32
INE0UOS01011,SANOFICONR,non_fo,29.83,3.35
INE0WO601020,LAXMIDENTL,non_fo,37.06,2.7
INE0HF201011,FABTECH,non_categorized,50,2
INE0SII01026,QPOWER,non_fo,39.42,2.54
INE0BYP01024,OSWALPUMPS,non_fo,32.56,3.07
INE0ONG01011,NTPCGREEN,non_fo,29.29,3.41
INE0AQ201015,THELEELA,non_fo,26.93,3.71
INE08N601015,MBEL,non_fo,35.71,2.8
INE943P01029,AGARWALEYE,non_fo,27.51,3.64
INE0BX301013,PROSTARM,non_fo,36.1,2.77
INE0GV601021,ALLTIME,non_fo,31.83,3.14
INE274Y01021,AJAXENGG,non_fo,30.95,3.23
INE819V01029,CPPLUS,non_fo,30.61,3.27
INE01R501028,VIKRAN,non_fo,32.49,3.08
INE00YJ01010,JARO,non_fo,34.57,2.89
INE090501011,SCODATUBES,non_fo,34.87,2.87
INE0XAD01024,MIDWESTLTD,non_fo,34.04,2.94
INE00H001014,SWIGGY,fo,28,3.57
INE0Y8W01017,AHCL,non_categorized,50,2
INE01EA01019,VMM,fo,25.5,3.92
INE03NU01014,BRIGHOTEL,non_fo,26.5,3.77
INE756I01012,HDBFS,non_fo,26.5,3.77
INE13B501022,SAATVIKGL,non_fo,30.05,3.33
INE0INX01018,AEGISVOPAK,non_fo,32.3,3.1
INE894V01022,BELRISE,non_fo,30.74,3.25
INE0OJW01016,ROSSTECH,non_fo,38.89,2.57
INE324D01010,LGEINDIA,non_fo,26.5,3.77
INE103V01028,TRAVELFOOD,non_fo,27.01,3.7
INE304W01038,BLUESTONE,non_fo,32.22,3.1
INE549H01021,ARSSBL,non_fo,31.14,3.21
INE18JU01028,EBGNG,non_categorized,50,2
INE1AG301022,GKENERGY,non_categorized,50,2
INE0PKD01011,MEIL,non_fo,31.25,3.2
INE652V01016,GANESHCP,non_fo,30.67,3.26
INE06ST01018,INDIQUBE,non_categorized,50,2
INE0V9Q01010,LOTUSDEV,non_fo,31.49,3.18
INE04VU01023,STYL,non_fo,29.18,3.43
INE12UR01024,UTLSOLAR,non_fo,26.65,3.75
INE0MHO01029,REGAAL,non_fo,50,2
INE0CZ201020,ANTHEM,non_fo,27.15,3.68
INE14UN01029,VIDYAWIRES,non_fo,27.01,3.7
INE06ZD01017,SHANTIGOLD,non_fo,31.64,3.16
INE198501012,EUROPRATIK,non_fo,33.75,2.96
INE013P01021,ONESOURCE,non_fo,35.33,2.83
INE1B6101010,SHREEJISPG,non_fo,30.91,3.24
INE379A01028,ITCHOTELS,non_fo,29.19,3.43
INE085001019,WEWORK,non_fo,26.55,3.77
INE0Z4F01028,ATLANTAELE,non_categorized,50,2
INE1B3L01017,SHRINGARMS,non_fo,31.88,3.14
INE03CC01015,JUBLCPL,non_categorized,50,2
INE606N01019,EXCELSOFT,non_fo,32.22,3.1
INE0I0M01023,PRABHA,non_categorized,50,2
INE0S3G01027,PACEDIGITK,non_fo,28.73,3.48
INE119201023,PARKHOSPS,non_fo,28.1,3.56
INE0V0W01025,GKSL,non_fo,26.5,3.77
INE1B0W01010,ADVANCE,non_categorized,50,2
INE0YD401026,JAINREC,non_fo,28.4,3.52
INE218I01013,CRAMC,non_fo,29.81,3.35
INE0CAZ01013,URBANCO,non_fo,30.06,3.33
INE01TY01017,CANHLIFE,non_fo,26.5,3.77
INE02ZQ01018,CORONA,non_fo,26.5,3.77
INE987S01020,KSHINTL,non_fo,28.04,3.57
INE05XR01022,BHARATCOAL,non_fo,26.73,3.74
INE0U4101014,BLUSPRING,non_categorized,50,2
INE0U4701011,DIGITIDE,non_fo,33.55,2.98
INE16NZ01023,ORKLAINDIA,non_fo,26.5,3.77
INE1NPP01017,ENRIN,non_fo,28.22,3.54
INE14LE01019,ABLBL,non_fo,29.05,3.44
INE0QPI01025,SUDEEPPHRM,non_fo,28.58,3.5
INE15B701018,PINELABS,non_fo,27.54,3.63
INE0E7301029,WAKEFIT,non_fo,27.77,3.6
INE1SY401010,RAYMONDREL,non_fo,34.95,2.86
INE19RI01016,TENNIND,non_fo,27.69,3.61
INE1C6T01020,EMMVEE,non_fo,31.45,3.18
INE346A01027,ICICIAMC,non_fo,26.5,3.77
INE121R01077,AMAGI,non_fo,26.5,3.77
INE428V01029,NEPHROPLUS,non_fo,27.56,3.63
INE956O01016,LENSKART,non_fo,28.16,3.55
INE976I01016,TATACAP,non_fo,26.5,3.77
INE212S01015,FRACTAL,non_categorized,50,2
INE1VXE01018,STLNETWORK,non_categorized,50,2
INE0LP301011,PWL,non_fo,31.39,3.19
INE0HOQ01053,GROWW,non_fo,32.8,3.05
INE947N01017,AEQUS,non_fo,27.5,3.64
INE0VDM01015,MEESHO,non_categorized,50,2
INE12UN01015,SHADOWFAX,non_fo,26.5,3.77
INE1TAE01010,TMCV,non_fo,27.96,3.58
INE28GN01010,ADVENTHTL,non_categorized,50,2
INE2J8701016,SKFINDUS,non_fo,26.5,3.77
INE24OJ01011,BUILDPRO,non_categorized,50,2
INF789F1AUX7,GOLDBETA,etf,29.25,3.42
INF174KA1HJ8,GOLD1,etf,29.83,3.35
INF373I01023,PSUBANK,etf,27.8,3.6
INF732E01045,JUNIORBEES,etf,20,5
INF204KB15I9,BANKBEES,etf,26.5,3.77
INF204KB16I7,PSUBNKBEES,etf,27.91,3.58
INF346A01034,SENSEXIETF,etf,20,5
INF200KA16D8,SETFGOLD,etf,29.67,3.37
INF204KB17I5,GOLDBEES,etf,29.92,3.34
INF204KB14I2,NIFTYBEES,etf,20,5
INF174K014P6,NIFTY1,etf,20,5
INF204KB19I1,HNGSNGBEES,etf,22.2,4.5
INF205K01361,IVZINGOLD,etf,32.49,3.08
INF179KC1981,HDFCGOLD,etf,29.94,3.34
INF732E01268,INFRABEES,etf,26.5,3.77
INF247L01023,MOM100,etf,20,5
INF247L01AP3,MON100,etf,20,5
INF209KB19D1,BSLNIFTY,etf,20,5
INF846K01W80,AXISGOLD,etf,31.74,3.15
INF767K01SM1,LICMFGOLD,etf,31.07,3.22
INF109K012R6,NIFTYIETF,etf,20,5
INF457M01133,CPSEETF,etf,26.5,3.77
INF204KA1LD7,CONSUMBEES,etf,26.5,3.77
INF174KA1ZB7,BANKNIFTY1,etf,26.5,3.77
INF200KA1598,SETFNN50,etf,20,5
INF200KA1580,SETFNIFBK,etf,26.5,3.77
INF200KA1FS1,SETFNIF50,etf,20,5
INF789FB1X58,SENSEXBETA,etf,20,5
INF789F1AZC0,NIFTYBETA,etf,20,5
INF179KC1965,HDFCNIFTY,etf,20,5
INF179KC1HX2,HDFCSENSEX,etf,20,5
INF846K01W98,AXISNIFTY,etf,20,5
INF109KC19U5,LOWVOLIETF,etf,20,5
INF789F1AUW9,NEXT50BETA,etf,20,5
INF109KB15Y7,ICICIB22,etf,26.5,3.77
INF109KC1V59,BSE500IETF,etf,20,5
INF109KC1NT3,GOLDIETF,etf,30.22,3.31
INF109KC1NS5,NEXT50IETF,etf,20,5
INF769K01EG9,NIFTYETF,etf,20,5
INF204KB1V68,MID150BEES,etf,20,5
INF109KC15I8,BANKIETF,etf,26.5,3.77
INF109KC18U7,PVTBANIETF,etf,26.5,3.77
INF209KB17D5,ABSLBANETF,etf,26.5,3.77
INF109KC11W8,MIDCAPIETF,etf,20,5
INF769K01FN2,NEXT50,etf,20,5
INF204KB15V2,ITBEES,etf,26.5,3.77
INF109KC17V7,ALPL30IETF,etf,20,5
INF109KC16I6,ITIETF,etf,26.5,3.77
INF789F1AUV1,BANKBETA,etf,26.5,3.77
INF200KA1S22,SBIETFPB,etf,26.5,3.77
INF769K01HF4,MAFANG,etf,27.14,3.68
INF109KC1Q72,HEALTHIETF,etf,26.5,3.77
INF204KC1089,PHARMABEES,etf,26.5,3.77
INF769K01HI8,BFSI,etf,26.5,3.77
INF109KC19V3,FMCGIETF,etf,26.5,3.77
INF209KB11D8,TECH,etf,26.5,3.77
INF740KA1QK2,EQUAL50ADD,etf,20,5
INF174KA1IA5,ALPHA,etf,20,5
INF740KA1CL0,NIFTYADD,etf,20,5
INF109KC10V2,AUTOIETF,etf,26.5,3.77
INF204KC1337,AUTOBEES,etf,26.5,3.77
INF109KC1Y56,SILVERIETF,etf,40.74,2.45
INF209KB19F6,SILVER,etf,41.78,2.39
INF174KA1ZC5,MIDCAP,etf,20,5
INF204KC1402,SILVERBEES,etf,41.4,2.42
INF769K01IC9,MIDCAPETF,etf,20,5
INF109KC17C7,MOM30IETF,etf,20,5
INF109KC16E5,INFRAIETF,etf,26.5,3.77
INF740KA1RE3,SILVERADD,etf,41.45,2.41
INF247L01BE5,MOVALUE,etf,20,5
INF179KC1DI2,HDFCSILVER,etf,42.79,2.34
INF846K011K1,AXISILVER,etf,41.48,2.41
INF109KC17L8,FINIETF,etf,26.5,3.77
INF174KA1ZD3,SILVER1,etf,42.2,2.37
INF109KC19O8,COMMOIETF,etf,26.5,3.77
INF740KA1RX3,BANKADD,etf,29.51,3.39
INF179KC1FB2,HDFCSML250,etf,20,5
INF179KC1HT0,HDFCMID150,etf,20,5
INF769K01JP9,GOLDETF,etf,29.09,3.44
INF109KC10S8,PSUBNKIETF,etf,27.45,3.64
INF789F1AYK6,SILVERBETA,etf,41.67,2.4
INF740KA1SW3,GOLDADD,etf,30.37,3.29
INF769K01KG6,SILVERAG,etf,41.96,2.38
INF740KA1TA7,PVTBANKADD,etf,26.5,3.77
INF740KA1SY9,PSUBANKADD,etf,27.52,3.63
INF769K01KU7,ALPHAETF,etf,20,5
INF769K01KV5,ITETF,etf,26.5,3.77
INF754K01SE6,EGOLD,etf,29.61,3.38
INF277KA1984,TATSILV,etf,42.35,2.36
INF277KA1976,TATAGOLD,etf,29.95,3.34
INF769K01LC3,SMALLCAP,etf,20,5
INF0R8F01042,GOLDCASE,etf,29.64,3.37
INF247L01CI4,MOREALTY,etf,27.63,3.62
INF247L01CH6,MOSMALL250,etf,20,5
INF769K01LJ8,MIDSMALL,etf,20,5
INF0R8F01059,MID150CASE,etf,20,5
INF0R8F01067,TOP100CASE,etf,20,5
INF200KB1217,SBISILVER,etf,41.68,2.4
INF109KC18W3,OILIETF,etf,26.5,3.77
INF109KC19W1,METALIETF,etf,26.7,3.75
INF247L01DJ0,MODEFENCE,etf,28.34,3.53
INF740KA1UR9,TOP10ADD,etf,26.5,3.77
INF247L01DK8,MOMENTUM50,etf,20,5
INF769K01LY7,METAL,etf,27.08,3.69
INF666M01IO8,GROWWDEFNC,etf,28.15,3.55
INF666M01OE7,GROWWGOLD,etf,29.95,3.34
INF666M01JJ6,GROWWRAIL,etf,26.5,3.77
INF247L01EV3,MOCAPITAL,etf,26.86,3.72
INF0R8F01091,SILVERCASE,etf,40.56,2.47
INF200KB1712,SBIBPB,etf,26.5,3.77
INF666M01OF4,GROWWSLVR,etf,42.72,2.34
INF247L01FY4,MOGOLD,etf,28.87,3.46
INF666M01LM6,GROWWPOWER,etf,26.5,3.77
INF247L01FZ1,MOSILVER,etf,40.1,2.49
INF769K01PR2,ENERGY,etf,26.5,3.77
INF194KB1KI9,SILVERBND,etf,39.79,2.51